id,name,brand,category,volume_size,current_price_rsd,original_price_rsd,url_slug,image_url
1,Redken Extreme Gift Set,Redken,Hair Care,300ml + 300ml + 150ml,9030,12870,rdk-holidays-eu-extreme-kit,https://www.altamoda.rs/uploads/store/products/images/rdk-holidays-eu-extreme-kit-68f20c1011185.webp
2,Redken All Soft Gift Set,Redken,Hair Care,300ml + 300ml + 150ml,9030,12870,redken-all-soft-xmas-box,https://www.altamoda.rs/uploads/store/products/images/redken-all-soft-xmas-box-68f209c6a316e.webp
3,Redken Acidic Color Gloss Set,Redken,Color Care,300ml + 300ml + 190ml,10770,15600,redken-acg-xmas-box,https://www.altamoda.rs/uploads/store/products/images/redken-acg-xmas-box-68f208ed75133.webp
4,Redken ABC Set,Redken,Treatment,300ml + 300ml + 150ml,10770,15600,redken-abc-xmas-box,https://www.altamoda.rs/uploads/store/products/images/redken-abc-xmas-box-68f2041e951c5.webp
5,Acidic Color Gloss Mask,Redken,Masks,250ml,6960,,rk-acg-1min-mask-t250,https://www.altamoda.rs/uploads/store/products/images/rk-acg-1min-mask-t250-68de5b443138c.webp
6,Acidic Color Gloss Oil,Redken,Oils/Serums,100ml,6960,,r-acg-naked-gloss-serum-kosa-100ml,https://www.altamoda.rs/uploads/store/products/images/r-acg-naked-gloss-serum-kosa-100ml-684a9e5845410.webp
7,Glow Mania Spray,Matrix,Leave-in,250ml,3000,,m-tr-glow-mania-sprej-za-kosu-250ml,https://www.altamoda.rs/uploads/store/products/images/m-tr-glow-mania-sprej-za-kosu-250ml-67977964d1d99.webp
8,Glow Mania Mask,Matrix,Masks,500ml,3720,,m-tr-glow-mania-maska-za-kosu-500ml,https://www.altamoda.rs/uploads/store/products/images/m-tr-glow-mania-maska-za-kosu-500ml-6797779c834c9.webp
9,Glow Mania Conditioner,Matrix,Conditioner,300ml,2100,,m-tr-glow-mania-regenerator-za-kosu-300ml,https://www.altamoda.rs/uploads/store/products/images/m-tr-glow-mania-regenerator-za-kosu-300ml-679774bca4bfe.webp
10,Glow Mania Shampoo,Matrix,Shampoo,300ml,2100,,m-tr-glow-mania-sampon-300ml,https://www.altamoda.rs/uploads/store/products/images/m-tr-glow-mania-sampon-300ml-6797739b91ee0.webp
11,Acidic Bonding Curls Cream,Redken,Leave-in,250ml,6960,,abcurls-tretman-krema-250-ml,https://www.altamoda.rs/uploads/store/products/images/abcurls-tretman-krema-250-ml-669143fc380c9.webp
12,Acidic Bonding Curls Conditioner,Redken,Conditioner,300ml,4920,,abcurls-regenerator-300-ml,https://www.altamoda.rs/uploads/store/products/images/abcurls-regenerator-300-ml-66914322a6844.webp
13,Acidic Bonding Curls Shampoo,Redken,Shampoo,300ml,4920,,abcurls-sampon-300-ml,https://www.altamoda.rs/uploads/store/products/images/abcurls-sampon-300-ml-669141b5dd996.webp
14,Miracle Creator Spray,Matrix,Styling,190ml,2400,,mx-tr-miracle-creator-190ml,https://www.altamoda.rs/uploads/store/products/images/mx-tr-miracle-creator-190ml-686524a732753.webp
15,FOR-ME Shine Spray,Framesi,Styling,150ml,2280,,for-me-119-shine-me-brightly-supercoat-150-ml,https://www.altamoda.rs/uploads/store/products/images/for-me-119-shine-me-brightly-supercoat-150-ml-69b3f3244c6c7.webp
16,Anti-Hair Loss Ampoules,Redken,Treatment,10x6ml,9000,,rk-agfs-mino-serum-10x6ml,https://www.altamoda.rs/uploads/store/products/images/rk-agfs-mino-serum-10x6ml-69a0196e8fd6f.webp
17,Acidic Grow Full Conditioner,Redken,Conditioner,300ml,4920,,rk-agfs-cond-300ml,https://www.altamoda.rs/uploads/store/products/images/rk-agfs-cond-300ml-69a0178a14f38.webp
18,ABC Hair Bandage Balm,Redken,Leave-in,75ml,6960,,rk-abc-hair-bandage-serum-75ml,https://www.altamoda.rs/uploads/store/products/images/rk-abc-hair-bandage-serum-75ml-6989abbee45bc.webp
19,Build-A-Bond Oil (Large),Matrix,Oils,50ml,3480,,mx-bab-oil-50ml-eu,https://www.altamoda.rs/uploads/store/products/images/mx-bab-oil-50ml-eu-696a134b6b905.webp
20,Build-A-Bond Oil (Small),Matrix,Oils,30ml,2250,,mx-bab-oil-30ml,https://www.altamoda.rs/uploads/store/products/images/mx-bab-oil-30ml-696a12a817ad7.webp
21,ABC Hair Bandage Balm (Mini),Redken,Leave-in,30ml,1800,,rk-abc-hair-bandage-srm-30-ns,https://www.altamoda.rs/uploads/store/products/images/rk-abc-hair-bandage-srm-30-ns-69a5d86d45c39.webp
22,Fingerbrush Care Mini Black,Olivia Garden,Tools,,1800,,fingerbrush-care-mini-black-1,https://www.altamoda.rs/uploads/store/products/images/fingerbrush-care-mini-black-1-696520b637ea7.webp
23,Fingerbrush Care Mini Pink,Olivia Garden,Tools,,1800,,fingerbrush-care-mini-pink-1,https://www.altamoda.rs/uploads/store/products/images/fingerbrush-care-mini-pink-1-69651ff8070e5.webp
24,Fingerbrush Care Mini Mint,Olivia Garden,Tools,,1800,,fingerbrush-care-mini-mint-1,https://www.altamoda.rs/uploads/store/products/images/fingerbrush-care-mini-mint-1-69651f574f2a3.webp
25,Pastel Pink Brush Kit,Olivia Garden,Tools,,6120,,pastel-pink-brush-2pc-kit-shinefingerbrush-1,https://www.altamoda.rs/uploads/store/products/images/pastel-pink-brush-2pc-kit-shinefingerbrush-1-69651dda129da.webp
26,ThinkPink 2025 Set (8-pc),Olivia Garden,Tools,,24000,,fingerbrush-boarnylon-thinkpink-2025-display-8pcs-1,https://www.altamoda.rs/uploads/store/products/images/fingerbrush-boarnylon-thinkpink-2025-display-8pcs-1-69651cdba7f8d.webp
27,ThinkPink Jaipur Rose,Olivia Garden,Tools,,3000,,fingerbrush-boarnylon-thinkpink-2025-jaipur-rose-1,https://www.altamoda.rs/uploads/store/products/images/fingerbrush-boarnylon-thinkpink-2025-jaipur-rose-1-69651bfa727ea.webp
28,ThinkPink Pink Tokyo,Olivia Garden,Tools,,3000,,fingerbrush-boarnylon-thinkpink-2025-pink-tokyo-1,https://www.altamoda.rs/uploads/store/products/images/fingerbrush-boarnylon-thinkpink-2025-pink-tokyo-1-69651b1b0e5e0.webp
29,Scalp Sync Shampoo,Biolage,Shampoo,400ml,4200,,m-b25-scalp-clar-sampon-400ml,https://www.altamoda.rs/uploads/store/products/images/m-b25-scalp-clar-sampon-400ml-69491cf736d2e.webp
30,Framcolor GLAMOUR Chart,Framesi,Color,,6360,,framcolor-glamour-color-chart-1,https://www.altamoda.rs/uploads/store/products/images/framcolor-glamour-color-chart-1-691efd74693cd.webp
31,Framcolor GLAMOUR Mini Chart,Framesi,Color,,3060,,fr-glamour-pocket-color-chart-1,https://www.altamoda.rs/uploads/store/products/images/fr-glamour-pocket-color-chart-1-692d90f121780.webp
32,Framesi Apron,Framesi,Accessories,,1350,,color-apron-1,https://www.altamoda.rs/uploads/store/products/images/color-apron-1-692d908b2a9d4.webp
33,Framesi Towel,Framesi,Accessories,,1080,,black-towel-set-12-pcs,https://www.altamoda.rs/uploads/store/products/images/black-towel-set-12-pcs-692d9034a06c9.webp
34,Framesi Bowl,Framesi,Accessories,,270,,mixing-bowl,https://www.altamoda.rs/uploads/store/products/images/mixing-bowl-692d8f5a9d75d.webp
35,Framesi Brush,Framesi,Accessories,,468,,color-brush,https://www.altamoda.rs/uploads/store/products/images/color-brush-691f01616be63.webp
36,BARBER GEN Silver Gel,Framesi,Styling (Men),150ml,1500,,framesi-barber-gen-silver-gel-150-ml,https://www.altamoda.rs/uploads/store/products/images/framesi-barber-gen-silver-gel-150-ml-691c75775e269.webp
37,BARBER GEN Density Spray,Framesi,Hair Care (Men),90ml,2700,,framesi-barber-gen-density-saver-spray-90-ml,https://www.altamoda.rs/uploads/store/products/images/framesi-barber-gen-density-saver-spray-90-ml-691c74ca6ff47.webp
38,BARBER GEN Shaving Gel,Framesi,Men's Care,250ml,2700,,framesi-barber-gen-shaving-gel-250-ml,https://www.altamoda.rs/uploads/store/products/images/framesi-barber-gen-shaving-gel-250-ml-691c737e3a4e7.webp
39,BARBER GEN Ice Tonic,Framesi,Men's Care,100ml,1500,,framesi-barber-gen-ice-tonic-100-ml,https://www.altamoda.rs/uploads/store/products/images/framesi-barber-gen-ice-tonic-100-ml-691c72ccd2580.webp
40,BARBER GEN Opaque Pomade,Framesi,Styling (Men),100ml,2700,,framesi-barber-gen-opaque-pomade-100-ml,https://www.altamoda.rs/uploads/store/products/images/framesi-barber-gen-opaque-pomade-100-ml-691c71a3d1aa8.webp
41,BARBER GEN Glazing Wax,Framesi,Styling (Men),100ml,2700,,framesi-barber-gen-glazing-wax-100-ml,https://www.altamoda.rs/uploads/store/products/images/framesi-barber-gen-glazing-wax-100-ml-691c70c30fb9b.webp
42,BARBER GEN Fortifying Spray,Framesi,Styling (Men),100ml,2280,,framesi-barber-gen-fortifying-spray-100-ml,https://www.altamoda.rs/uploads/store/products/images/framesi-barber-gen-fortifying-spray-100-ml-691c7000008bd.webp
43,BARBER GEN Leave-In Spray,Framesi,Styling (Men),100ml,1500,,framesi-barber-gen-leave-in-spray-100-ml,https://www.altamoda.rs/uploads/store/products/images/framesi-barber-gen-leave-in-spray-100-ml-691c6e4d9f5a8.webp
44,BARBER GEN Rebalancing Shampoo,Framesi,Men's Care,250ml,1980,,framesi-barber-gen-rebalancing-shampoo-250-ml,https://www.altamoda.rs/uploads/store/products/images/framesi-barber-gen-rebalancing-shampoo-250-ml-691c6cad0a9a4.webp
45,BARBER GEN Fortifying Shampoo,Framesi,Men's Care,250ml,1980,,framesi-barber-gen-fortifying-shampoo-250-ml,https://www.altamoda.rs/uploads/store/products/images/framesi-barber-gen-fortifying-shampoo-250-ml-691c6c17f3e23.webp
46,BARBER GEN Detox Shampoo,Framesi,Men's Care,250ml,1980,,framesi-barber-gen-detox-shampoo-250-ml,https://www.altamoda.rs/uploads/store/products/images/framesi-barber-gen-detox-shampoo-250-ml-691c6b6987bba.webp
47,BARBER GEN Paste Wax,Framesi,Styling (Men),100ml,2280,,framesi-barber-gen-paste-100-ml,https://www.altamoda.rs/uploads/store/products/images/framesi-barber-gen-paste-100-ml-691c6ac0f3d98.webp
48,BARBER GEN After Shave Cream,Framesi,Men's Care,100ml,2040,,framesi-barber-gen-after-shave-cream-100-ml,https://www.altamoda.rs/uploads/store/products/images/framesi-barber-gen-after-shave-cream-100-ml-691c69fd6170b.webp
49,BARBER GEN Beard Oil,Framesi,Men's Care,100ml,2640,,framesi-barber-gen-beard-oil-100-ml,https://www.altamoda.rs/uploads/store/products/images/framesi-barber-gen-beard-oil-100-ml-691c644baf45c.webp
50,BARBER GEN Volumizing Lotion,Framesi,Styling (Men),250ml,1980,,framesi-barber-gen-volumizing-lotion-250-ml,https://www.altamoda.rs/uploads/store/products/images/framesi-barber-gen-volumizing-lotion-250-ml-691c6361b66c1.webp
51,BARBER GEN Hair and Beard Natural Balm 100ml,Framesi,Men's Care,100ml,1500,,framesi-barber-gen-hair-and-beard-natural-balm-100-ml,https://www.altamoda.rs/uploads/store/products/images/framesi-barber-gen-hair-and-beard-natural-balm-100-ml-691c6201b8285.webp
52,BARBER GEN Hair and Beard Natural Balm 250ml,Framesi,Men's Care,250ml,2100,,framesi-barber-gen-hair-and-beard-natural-balm-250-ml,https://www.altamoda.rs/uploads/store/products/images/framesi-barber-gen-hair-and-beard-natural-balm-250-ml-691c6113b091b.webp
53,BARBER GEN Hair and Beard Natural Cleanser,Framesi,Men's Care,250ml,1980,,framesi-barber-gen-hair-and-beard-natural-cleanser-250-ml,https://www.altamoda.rs/uploads/store/products/images/framesi-barber-gen-hair-and-beard-natural-cleanser-250-ml-691c601151d83.webp
54,FOR-ME 431 Water Me Wax,Framesi,Styling,80ml,2280,,for-me-431-water-me-wax-80-ml,https://www.altamoda.rs/uploads/store/products/images/for-me-431-water-me-wax-80-ml-691c557a2fcbc.webp
55,FOR-ME 230 Text Me Now Spray,Framesi,Styling,200ml,3000,,for-me-230-text-me-now-spray-200-ml,https://www.altamoda.rs/uploads/store/products/images/for-me-230-text-me-now-spray-200-ml-691c540cbb6cc.webp
56,FOR-ME 129 Glow Me Drops,Framesi,Styling,100ml,3300,,for-me-129-glow-me-drops-100-ml,https://www.altamoda.rs/uploads/store/products/images/for-me-129-glow-me-drops-100-ml-691c5200abf79.webp
57,FOR-ME 128 Protect Me Thermal Spray,Framesi,Styling,200ml,2700,,for-me-128-protect-me-thermo-spray-200-ml,https://www.altamoda.rs/uploads/store/products/images/for-me-128-protect-me-thermo-spray-200-ml-691c512e182a3.webp
58,FOR-ME 124 Gloss Me Spray,Framesi,Styling,150ml,2400,,for-me-124-gloss-me-spray-150-ml,https://www.altamoda.rs/uploads/store/products/images/for-me-124-gloss-me-spray-150-ml-691c508fbb6d7.webp
59,FOR-ME 515 Matt Me Strongly Paste,Framesi,Styling,80ml,2280,,for-me-515-matt-me-strongly-paste-80-ml,https://www.altamoda.rs/uploads/store/products/images/for-me-515-matt-me-strongly-paste-80-ml-691c4fada9188.webp
60,FOR-ME 413 Matt Me Clay Pomade,Framesi,Styling,80ml,2280,,for-me-413-matt-me-clay-80-ml,https://www.altamoda.rs/uploads/store/products/images/for-me-413-matt-me-clay-80-ml-691c4f0d16886.webp
61,FOR-ME 223 Bring Me Beach Salt Spray,Framesi,Styling,150ml,1980,,for-me-223-bring-me-to-the-beach-salt-spray-150-ml,https://www.altamoda.rs/uploads/store/products/images/for-me-223-bring-me-to-the-beach-salt-spray-150-ml-691c4e491ba17.webp
62,FOR-ME 411 Define Me Gel,Framesi,Styling,150ml,1800,,for-me-411-define-me-gel-150-ml,https://www.altamoda.rs/uploads/store/products/images/for-me-411-define-me-gel-150-ml-691c4c2081201.webp
63,FOR-ME 308 Elevate Me Curl Cream,Framesi,Styling,150ml,1800,,for-me-308-elevate-me-curl-cream-150-ml,https://www.altamoda.rs/uploads/store/products/images/for-me-308-elevate-me-curl-cream-150-ml-691c4b67121c8.webp
64,FOR-ME 103 Refresh Me Dry Shampoo,Framesi,Styling,150ml,2700,,for-me-103-refresh-me-dry-shampoo-150-ml,https://www.altamoda.rs/uploads/store/products/images/for-me-103-refresh-me-dry-shampoo-150-ml-691c4a99dd9fe.webp
65,FOR-ME 302 Pump Me Up Spray,Framesi,Styling,200ml,2880,,for-me-302-pump-me-up-spray-200-ml,https://www.altamoda.rs/uploads/store/products/images/for-me-302-pump-me-up-spray-200-ml-691c499d9ccdb.webp
66,FOR-ME 401 Give Me Body Mousse,Framesi,Styling,300ml,2280,,for-me-401-give-me-body-mousse-300-ml,https://www.altamoda.rs/uploads/store/products/images/for-me-401-give-me-body-mousse-300-ml-691c48cca1efd.webp
67,FOR-ME 607 Hold Me Extremely Hairspray,Framesi,Styling,500ml,2700,,for-me-607-hold-me-extremely-hairspray-500-ml,https://www.altamoda.rs/uploads/store/products/images/for-me-607-hold-me-extremely-hairspray-500-ml-691c477802903.webp
68,FOR-ME 406 Hold&Brush Me Hairspray,Framesi,Styling,500ml,2700,,for-me-406-holdbrush-me-hairspray-500-ml,https://www.altamoda.rs/uploads/store/products/images/for-me-406-holdbrush-me-hairspray-500-ml-691c46ab4b063.webp
69,MORPHOSIS Love Extension Conditioner,Framesi,Care,250ml,1980,,morphosis-love-extension-conditioner-250ml,https://www.altamoda.rs/uploads/store/products/images/morphosis-love-extension-conditioner-250ml-69175871050ff.webp
70,MORPHOSIS Love Extension Shampoo,Framesi,Care,250ml,1980,,morphosis-love-extension-shampoo-250ml,https://www.altamoda.rs/uploads/store/products/images/morphosis-love-extension-shampoo-250ml-691757b21c7db.webp
71,MORPHOSIS Purifying Shampoo,Framesi,Care,250ml,1980,,morphosis-purifying-shampoo-250ml,https://www.altamoda.rs/uploads/store/products/images/morphosis-purifying-shampoo-250ml-691756699b567.webp
72,MORPHOSIS Scalp Destress Shampoo,Framesi,Care,250ml,1980,,morphosis-scalp-destress-shampoo-250ml,https://www.altamoda.rs/uploads/store/products/images/morphosis-scalp-destress-shampoo-250ml-691751c00204c.webp
73,MORPHOSIS Reinforcing Shampoo,Framesi,Care,250ml,1980,,morphosis-reinforcing-shampoo-250ml,https://www.altamoda.rs/uploads/store/products/images/morphosis-reinforcing-shampoo-250ml-69174fb975e68.webp
74,MORPHOSIS Densifying Activator,Framesi,Care,12x7ml,6720,,morphosis-densifying-activator-7-ml,https://www.altamoda.rs/uploads/store/products/images/morphosis-densifying-activator-7-ml-69174d8a572cf.webp
75,MORPHOSIS Densifying Shampoo,Framesi,Care,250ml,1980,,morphosis-densifying-shampoo-250ml,https://www.altamoda.rs/uploads/store/products/images/morphosis-densifying-shampoo-250ml-69174d8f6db2a.webp
76,MORPHOSIS Curl Soul Hydrating Serum,Framesi,Care,150ml,2100,,morphosis-curl-soul-hydrating-serum-leave-in-150ml,https://www.altamoda.rs/uploads/store/products/images/morphosis-curl-soul-hydrating-serum-leave-in-150ml-69174be7ed7ba.webp
77,MORPHOSIS Curl Soul Activator Mousse,Framesi,Care,150ml,2100,,morphosis-curl-soul-activator-mousse-leave-in-150ml,https://www.altamoda.rs/uploads/store/products/images/morphosis-curl-soul-activator-mousse-leave-in-150ml-69174b2e3420f.webp
78,MORPHOSIS Curl Soul Conditioner,Framesi,Care,250ml,1980,,morphosis-curl-soul-conditioner-250ml,https://www.altamoda.rs/uploads/store/products/images/morphosis-curl-soul-conditioner-250ml-69174a44957a1.webp
79,MORPHOSIS Curl Soul Shampoo,Framesi,Care,250ml,1980,,morphosis-curl-soul-shampoo-250ml,https://www.altamoda.rs/uploads/store/products/images/morphosis-curl-soul-shampoo-250ml-69174beab977e.webp
80,MORPHOSIS Ultimate Care Conditioner,Framesi,Care,250ml,1980,,morphosis-ultimate-care-conditioner-250ml,https://www.altamoda.rs/uploads/store/products/images/morphosis-ultimate-care-conditioner-250ml-6917413327c1b.webp
81,MORPHOSIS Ultimate Care Shampoo,Framesi,Care,250ml,1980,,morphosis-ultimate-care-shampoo-250ml,https://www.altamoda.rs/uploads/store/products/images/morphosis-ultimate-care-shampoo-250ml-6917413481b66.webp
82,MORPHOSIS Color Protect Intensive Treatment,Framesi,Care,500ml,3600,,morphosis-color-protect-intensive-treatment-500ml,https://www.altamoda.rs/uploads/store/products/images/morphosis-color-protect-intensive-treatment-500ml-69173c880fb73.webp
83,MORPHOSIS Color Protect Conditioner,Framesi,Care,250ml,1980,,morphosis-color-protect-conditioner-250ml,https://www.altamoda.rs/uploads/store/products/images/morphosis-color-protect-conditioner-250ml-69173be132588.webp
84,MORPHOSIS Color Protect Shampoo,Framesi,Care,250ml,1980,,morphosis-color-protect-shampoo-250ml,https://www.altamoda.rs/uploads/store/products/images/morphosis-color-protect-shampoo-250ml-69173b0767312.webp
85,MORPHOSIS Sublimis Oil Deep Treatment,Framesi,Care,500ml,3600,,morphosis-sublimis-oil-deep-treatment-500ml,https://www.altamoda.rs/uploads/store/products/images/morphosis-sublimis-oil-deep-treatment-500ml-691736b489c61.webp
86,MORPHOSIS Sublimis Oil Serum,Framesi,Care,6x15ml,3720,,morphosis-sublimis-oil-serum-15ml,https://www.altamoda.rs/uploads/store/products/images/morphosis-sublimis-oil-serum-15ml-691735574cdcd.webp
87,MORPHOSIS Sublimis Oil Pure,Framesi,Care,100ml,3480,,morphosis-sublimis-oil-pure-100ml,https://www.altamoda.rs/uploads/store/products/images/morphosis-sublimis-oil-pure-100ml-691734bb5e001.webp
88,MORPHOSIS Sublimis Oil All Day Emulsion,Framesi,Care,150ml,1980,,morphosis-sublimis-oil-all-day-emulsion-150ml,https://www.altamoda.rs/uploads/store/products/images/morphosis-sublimis-oil-all-day-emulsion-150ml-691738ac32c92.webp
89,MORPHOSIS Sublimis Oil Conditioner,Framesi,Care,250ml,1980,,morphosis-sublimis-oil-conditioner-250ml,https://www.altamoda.rs/uploads/store/products/images/morphosis-sublimis-oil-conditioner-250ml-691732f76dc5b.webp
90,MORPHOSIS Sublimis Oil Shampoo,Framesi,Shampoo,250ml,1980,,morphosis-sublimis-oil-shampoo-250ml,https://www.altamoda.rs/uploads/store/products/images/morphosis-sublimis-oil-shampoo-250ml-6917315f0a527.webp
91,MORPHOSIS Repair Rich Treatment Mask,Framesi,Masks,500ml,3600,,morphosis-repair-rich-treatment-500ml,https://www.altamoda.rs/uploads/store/products/images/morphosis-repair-rich-treatment-500ml-69172ed3385ca.webp
92,MORPHOSIS Repair Velvet Fluid,Framesi,Oils,100ml,1980,,morphosis-repair-velvet-100ml,https://www.altamoda.rs/uploads/store/products/images/morphosis-repair-velvet-100ml-69172e12c9c1d.webp
93,MORPHOSIS Repair Plumping Mousse,Framesi,Care,150ml,2100,,morphosis-repair-plumping-mousse-150ml,https://www.altamoda.rs/uploads/store/products/images/morphosis-repair-plumping-mousse-150ml-69172d3252db1.webp
94,MORPHOSIS Repair Conditioner,Framesi,Conditioner,250ml,1980,,morphosis-repair-conditioner-250ml,https://www.altamoda.rs/uploads/store/products/images/morphosis-repair-conditioner-250ml-69172be45f1de.webp
95,MORPHOSIS Repair Shampoo,Framesi,Shampoo,250ml,1980,,morphosis-repair-shampoo-250ml,https://www.altamoda.rs/uploads/store/products/images/morphosis-repair-shampoo-250ml-69172ad60e0f6.webp
96,MORPHOSIS Restructure Hair Beauty Elixir,Framesi,Masks,150ml,3900,,morphosis-restructure-hair-beauty-elixir-150ml,https://www.altamoda.rs/uploads/store/products/images/morphosis-restructure-hair-beauty-elixir-150ml-691727427e367.webp
97,MORPHOSIS Restructure Leave-In Emulsion,Framesi,Treatment,150ml,1980,,morphosis-restructure-leave-in-150ml,https://www.altamoda.rs/uploads/store/products/images/morphosis-restructure-leave-in-150ml-6917266d59cd6.webp
98,MORPHOSIS Restructure Conditioner,Framesi,Conditioner,250ml,1980,,morphosis-restructure-conditioner-250ml,https://www.altamoda.rs/uploads/store/products/images/morphosis-restructure-conditioner-250ml-6917249a12a7f.webp
99,MORPHOSIS Restructure Shampoo,Framesi,Shampoo,250ml,1980,,morphosis-restructure-shampoo-250ml,https://www.altamoda.rs/uploads/store/products/images/morphosis-restructure-shampoo-250ml-6917217f410f4.webp
100,Biolage All-In-One Spray,Biolage,Spray,250ml,4440,,m-b25-all-in-one-sprej-kosa-250ml,https://www.altamoda.rs/uploads/store/products/images/m-b25-all-in-one-sprej-kosa-250ml-68f0bebd0d81f.webp
101,Redken All Soft Argan-6 Oil,Redken,Oils,100ml,5400,,r-asft-argan-6-ulje-za-kosu-100ml,https://www.altamoda.rs/uploads/store/products/images/r-asft-argan-6-ulje-za-kosu-100ml-68b827e86d8d8.webp
102,Biolage Scalp Sync Anti-Dandruff Shampoo,Biolage,Shampoo,400ml,4200,,m-b25-anti-dandrf-sampon-400ml,https://www.altamoda.rs/uploads/store/products/images/m-b25-anti-dandrf-sampon-400ml-68b564493b764.webp
103,Biolage Color Last Shampoo,Biolage,Shampoo,400ml,3720,,m-b25-color-sampon-400ml,https://www.altamoda.rs/uploads/store/products/images/m-b25-color-sampon-400ml-68b866059cb77.webp
104,Biolage Color Last Conditioner,Biolage,Conditioner,400ml,3720,,m-b25-color-regenerator-kosa-400ml,https://www.altamoda.rs/uploads/store/products/images/m-b25-color-regenerator-kosa-400ml-689f0226b87da.webp
105,Fingerbrush Care Red Confidence,Olivia Garden,Brushes,,3000,,fingerbrush-care-iconic-boarnylon-red-confidence,https://www.altamoda.rs/uploads/store/products/images/fingerbrush-care-iconic-boarnylon-red-confidence-687a0bf0c7609.webp
106,Fingerbrush Care Radiant Peach,Olivia Garden,Brushes,,3000,,fingerbrush-care-iconic-boarnylon-radiant-peach,https://www.altamoda.rs/uploads/store/products/images/fingerbrush-care-iconic-boarnylon-radiant-peach-687a0b0112ae0.webp
107,SilkCut Left Hand Scissors,Olivia Garden,Scissors,5.75'',14400,,silkcut-575-left-hand-in-shear-box,https://www.altamoda.rs/uploads/store/products/images/silkcut-575-left-hand-in-shear-box-687a0637e2bf4.webp
108,Black Label Stilkam Comb,Olivia Garden,Combs,,900,,black-label-comb-t2,https://www.altamoda.rs/uploads/store/products/images/black-label-comb-t2-687a098941502.webp
109,Biolage Volume Boost Conditioner,Biolage,Conditioner,400ml,4200,,m-b25-volum-cond-kosa-400ml,https://www.altamoda.rs/uploads/store/products/images/m-b25-volum-cond-kosa-400ml-6899c30f2bd29.webp
110,Biolage Volume Boost Shampoo,Biolage,Shampoo,400ml,3720,,m-b25-volum-sampon-400ml,https://www.altamoda.rs/uploads/store/products/images/m-b25-volum-sampon-400ml-6899c21015764.webp
111,Biolage Full Rescue Spray,Biolage,Spray,250ml,4800,,m-tt-b25-full-resc-sprej-kosa-250ml,https://www.altamoda.rs/uploads/store/products/images/m-tt-b25-full-resc-sprej-kosa-250ml-688b2e554c765.webp
112,Biolage Hydra Source Conditioner,Biolage,Conditioner,236ml,3480,,m-b25-hydra-regenerator-kosa-236ml,https://www.altamoda.rs/uploads/store/products/images/m-b25-hydra-regenerator-kosa-236ml-689b2ba9a1cab.webp
113,Biolage Full Rescue Shampoo,Biolage,Shampoo,400ml,4200,,m-b25-full-resc-sampon-400ml,https://www.altamoda.rs/uploads/store/products/images/m-b25-full-resc-sampon-400ml-688b2f2929a23.webp
114,Biolage Full Rescue Conditioner,Biolage,Conditioner,236ml,3600,,m-b25-full-resc-regeneratkosa236ml,https://www.altamoda.rs/uploads/store/products/images/m-b25-full-resc-regeneratkosa236ml-688b3034d8096.webp
115,Biolage Full Rescue Serum,Biolage,Serum,50ml,4800,,m-b25-full-resc-serum-kosa-50ml,https://www.altamoda.rs/uploads/store/products/images/m-b25-full-resc-serum-kosa-50ml-688b312dd4d1b.webp
116,Biolage Full Rescue Ampoules,Biolage,Treatment,10x6ml,5760,,m-b25-full-resc-aminexil-kosa10x6ml,https://www.altamoda.rs/uploads/store/products/images/m-b25-full-resc-aminexil-kosa10x6ml-688b31fe09220.webp
117,Biolage Full Rescue Mask,Biolage,Masks,500ml,5400,,m-b25-full-resc-maska-kosa-500ml,https://www.altamoda.rs/uploads/store/products/images/m-b25-full-resc-maska-kosa-500ml-689b2d0c7203b.webp
118,Redken ABC Day & Night Serum 45ml,Redken,Serum,45ml,3600,,r-ts-abc-night-day-serum-kosa-45ml,https://www.altamoda.rs/uploads/store/products/images/r-ts-abc-night-day-serum-kosa-45ml-67e15cd18f6ea.webp
119,Redken ABC Day & Night Serum 100ml,Redken,Serum,100ml,6960,,acidic-bonding-concentrate-night-day-serum,https://www.altamoda.rs/uploads/store/products/images/acidic-bonding-concentrate-night-day-serum-679764bd92b24.webp
120,Fingerbrush Arctic Lights Collection (8pcs),Olivia Garden,Brushes,,24000,,fingerbrush-care-iconic-arctic-lights-8pcs-display,https://www.altamoda.rs/uploads/store/products/images/fingerbrush-care-iconic-arctic-lights-8pcs-display-675c53e83737d.webp
121,Fingerbrush Polar Blue,Olivia Garden,Brushes,,3000,,fingerbrush-care-iconic-boarnylon-polar-blue,https://www.altamoda.rs/uploads/store/products/images/fingerbrush-care-iconic-boarnylon-polar-blue-675c52184500a.webp
122,Fingerbrush Ethernal Lavender,Olivia Garden,Brushes,,3000,,fingerbrush-care-iconic-boarnylon-ethereal-lavender,https://www.altamoda.rs/uploads/store/products/images/fingerbrush-care-iconic-boarnylon-ethereal-lavender-675c50dea41e8.webp
123,Fingerbrush Celestial Pink,Olivia Garden,Brushes,,3000,,fingerbrush-care-iconic-boarnylon-celestial-pink,https://www.altamoda.rs/uploads/store/products/images/fingerbrush-care-iconic-boarnylon-celestial-pink-675c4f995a17f.webp
124,Fingerbrush Arctic Teal,Olivia Garden,Brushes,,3000,,fingerbrush-care-iconic-boarnylon-arctic-teal,https://www.altamoda.rs/uploads/store/products/images/fingerbrush-care-iconic-boarnylon-arctic-teal-675c4a5f49516.webp
125,Biolage Scalp Sync Balancing Serum,Biolage,Serum,50ml,3480,,mx-bio-scalp-sync-oil-balancing-serum-50ml,https://www.altamoda.rs/uploads/store/products/images/mx-bio-scalp-sync-oil-balancing-serum-50ml-673c801d0bd95.webp
126,Biolage Scalp Sync Purifying Concentrate,Biolage,Treatment,200ml,3480,,m-b-scalp-koncentrat-kosa-200ml,https://www.altamoda.rs/uploads/store/products/images/m-b-scalp-koncentrat-kosa-200ml-672c9916703c5.webp
127,Biolage Scalp Sync Conditioner,Biolage,Conditioner,200ml,2580,,mx-bio-scp-syn-uni-cond-200ml,https://www.altamoda.rs/uploads/store/products/images/mx-bio-scp-syn-uni-cond-200ml-672377ff05407.webp
128,Matrix InstaCure Leave-In,Matrix,Treatment,150ml,2520,,m-tr-instacr-sprej-za-kosu-150ml,https://www.altamoda.rs/uploads/store/products/images/m-tr-instacr-sprej-za-kosu-150ml-66d074512559d.webp
129,Matrix Build-A-Bond Liquid Mask,Matrix,Masks,250ml,3480,,mx-tr-instacure-mask-250ml,https://www.altamoda.rs/uploads/store/products/images/mx-tr-instacure-mask-250ml-66d073917b6ca.webp
130,Matrix Build-A-Bond Conditioner,Matrix,Conditioner,300ml,2520,,mx-tr-instcure-bond-cnd-300ml,https://www.altamoda.rs/uploads/store/products/images/mx-tr-instcure-bond-cnd-300ml-66d0732bc616b.webp
131,Matrix Build-A-Bond Shampoo,Matrix,Shampoo,300ml,2520,,mx-tr-instacure-bond-sh-300ml,https://www.altamoda.rs/uploads/store/products/images/mx-tr-instacure-bond-sh-300ml-66d072b78f9e5.webp
132,Expert Blowout Heat 65,Olivia Garden,Brushes,65mm,5400,,expert-blowout-heat-nylgard-bristles-65,https://www.altamoda.rs/uploads/store/products/images/expert-blowout-heat-nylgard-bristles-65-66a3789bf031f.webp
133,Expert Blowout Heat 55,Olivia Garden,Brushes,55mm,4560,,expert-blowout-heat-nylgard-bristles-55,https://www.altamoda.rs/uploads/store/products/images/expert-blowout-heat-nylgard-bristles-55-66a377accb5dd.webp
134,Expert Blowout Heat 45,Olivia Garden,Brushes,45mm,3960,,expert-blowout-heat-nylgard-bristles-45,https://www.altamoda.rs/uploads/store/products/images/expert-blowout-heat-nylgard-bristles-45-66a3762c17ac7.webp
135,Expert Blowout Heat 35,Olivia Garden,Brushes,35mm,3600,,expert-blowout-heat-nylgard-bristles-35,https://www.altamoda.rs/uploads/store/products/images/expert-blowout-heat-nylgard-bristles-35-66a37361ba3e4.webp
136,Expert Blowout Heat 25,Olivia Garden,Brushes,25mm,3480,,expert-blowout-heat-nylgard-bristles-25,https://www.altamoda.rs/uploads/store/products/images/expert-blowout-heat-nylgard-bristles-25-66a371b38eff7.webp
137,Expert Blowout Speed Black Label 55,Olivia Garden,Brushes,55mm,4260,,expert-blowout-speed-wavy-bristles-black-label-55,https://www.altamoda.rs/uploads/store/products/images/expert-blowout-speed-wavy-bristles-black-label-55-66a3bdd223066.webp
138,Expert Blowout Speed Black Label 45,Olivia Garden,Brushes,45mm,4200,,expert-blowout-speed-wavy-bristles-black-label-45,https://www.altamoda.rs/uploads/store/products/images/expert-blowout-speed-wavy-bristles-black-label-45-66a3bbd061313.webp
139,Expert Blowout Speed Black Label 35,Olivia Garden,Brushes,35mm,3780,,expert-blowout-speed-wavy-bristles-black-label-35,https://www.altamoda.rs/uploads/store/products/images/expert-blowout-speed-wavy-bristles-black-label-35-66a3ba0018225.webp
140,Expert Blowout Speed Black Label 25,Olivia Garden,Brushes,25mm,3600,,expert-blowout-speed-wavy-bristles-black-label-25,https://www.altamoda.rs/uploads/store/products/images/expert-blowout-speed-wavy-bristles-black-label-25-66a3b81fd00dd.webp
141,Expert Blowout Speed Black Label 20,Olivia Garden,Brushes,20mm,3480,,expert-blowout-speed-wavy-bristles-black-label-20,https://www.altamoda.rs/uploads/store/products/images/expert-blowout-speed-wavy-bristles-black-label-20-66a3b6a2543c7.webp
142,Expert Blowout Shine Black Label 45,Olivia Garden,Brushes,45mm,3840,,expert-blowout-shine-wavy-bristles-black-label-45,https://www.altamoda.rs/uploads/store/products/images/expert-blowout-shine-wavy-bristles-black-label-45-66a3ae7610237.webp
143,Expert Blowout Shine Black Label 35,Olivia Garden,Brushes,35mm,3480,,expert-blowout-shine-wavy-bristles-black-label-35,https://www.altamoda.rs/uploads/store/products/images/expert-blowout-shine-wavy-bristles-black-label-35-66a3a200bee67.webp
144,Expert Blowout Shine Black Label 25,Olivia Garden,Brushes,25mm,3240,,expert-blowout-shine-wavy-bristles-black-label-25,https://www.altamoda.rs/uploads/store/products/images/expert-blowout-shine-wavy-bristles-black-label-25-66a3a048d7137.webp
145,Expert Blowout Shine Black Label 20,Olivia Garden,Brushes,20mm,3120,,expert-blowout-shine-wavy-bristles-black-label-20,https://www.altamoda.rs/uploads/store/products/images/expert-blowout-shine-wavy-bristles-black-label-20-66a39e482fee0.webp
146,Expert Blowout Shine Black Label 15,Olivia Garden,Brushes,15mm,3000,,expert-blowout-shine-wavy-bristles-black-label-15,https://www.altamoda.rs/uploads/store/products/images/expert-blowout-shine-wavy-bristles-black-label-15-66a39c9353cd4.webp
147,Essential Care Flex Thick Mat Black,Olivia Garden,Brushes,,2340,,essential-care-flex-thick-hair-bristles-matt-black,https://www.altamoda.rs/uploads/store/products/images/essential-care-flex-thick-hair-bristles-matt-black-66a2576049e15.webp
148,Essential Style Blend Black,Olivia Garden,Brushes,,2340,,essential-style-blend-medium-hair-bristles-black,https://www.altamoda.rs/uploads/store/products/images/essential-style-blend-medium-hair-bristles-black-66a25371970d2.webp
149,Expert Care Rectangular Nylon L,Olivia Garden,Brushes,,3480,,expert-care-rectangular-nylon-bristle-goldbrown-l,https://www.altamoda.rs/uploads/store/products/images/expert-care-rectangular-nylon-bristle-goldbrown-l-66a2541af23d1.webp
150,Expert Care Flex Nylon,Olivia Garden,Brushes,,3240,,expert-care-flex-nylon-bristles-goldbrown,https://www.altamoda.rs/uploads/store/products/images/expert-care-flex-nylon-bristles-goldbrown-66a249b20c33d.webp
151,Fingerbrush Care Iconic Pastel Pink L,Olivia Garden,Brushes,,3300,,fingerbrush-care-iconic-boarnylon-pastel-pink-l,https://www.altamoda.rs/uploads/store/products/images/fingerbrush-care-iconic-boarnylon-pastel-pink-l-66a244cc88f14.webp
152,Fingerbrush Care Iconic Nylon Black M,Olivia Garden,Brushes,,2640,,fingerbrush-care-iconic-nylon-bristles-black-m,https://www.altamoda.rs/uploads/store/products/images/fingerbrush-care-iconic-nylon-bristles-black-m-66a24287da121.webp
153,Acidic Bonding Curls Styling Spray,Redken,Styling,250ml,5160,,abcurls-stajling-sprej-250-ml,https://www.altamoda.rs/uploads/store/products/images/abcurls-stajling-sprej-250-ml-66914976d061e.webp
154,Biolage Bond Therapy Leave-In Treatment,Biolage,Treatment,150ml,4800,,m-tt-b-bnd-ther-krema-za-kosu-150ml,https://www.altamoda.rs/uploads/store/products/images/m-tt-b-bnd-ther-krema-za-kosu-150ml-67cec758efad8.webp
155,Redken Acidic Color Gloss Shampoo,Redken,Shampoo,300ml,4920,,acg-sampon-300ml,https://www.altamoda.rs/uploads/store/products/images/acg-sampon-300ml-6615486792feb.webp
156,Redken Acidic Color Gloss Leave-In Treatment,Redken,Treatment,190ml,6000,,acg-krema-kosa-bez-ispiranja-190ml,https://www.altamoda.rs/uploads/store/products/images/acg-krema-kosa-bez-ispiranja-190ml-66154ab021b62.webp
157,Redken Acidic Color Gloss Conditioner,Redken,Conditioner,300ml,4920,,acg-regenerator-kosa-300ml,https://www.altamoda.rs/uploads/store/products/images/acg-regenerator-kosa-300ml-661549a57fe97.webp
158,Fingerbrush Combo L,Olivia Garden,Brushes,,3000,,fingerbrush-combo-large-1,https://www.altamoda.rs/uploads/store/products/images/fingerbrush-combo-large-1-67ab46251b2d5.webp
159,SilkCut PRO 6.5'',Olivia Garden,Scissors,6.5'',24000,,silkcut-pro-650-in-shear-box,https://www.altamoda.rs/uploads/store/products/images/silkcut-pro-650-in-shear-box-65af969f09e53.webp
160,SilkCut PRO 5.75'',Olivia Garden,Scissors,5.75'',24000,,silkcut-pro-575-in-shear-box,https://www.altamoda.rs/uploads/store/products/images/silkcut-pro-575-in-shear-box-65af9547a997b.webp
161,SilkCut Barber Shear XL 7'',Olivia Garden,Scissors,7'',14400,,silkcut-xl-7-barber-shear-in-black-pouch,https://www.altamoda.rs/uploads/store/products/images/silkcut-xl-7-barber-shear-in-black-pouch-65af90c5d7976.webp
162,SilkCut Barber Shear XL 6'',Olivia Garden,Scissors,6'',14400,,silkcut-xl-6-barber-shear-in-black-pouch,https://www.altamoda.rs/uploads/store/products/images/silkcut-xl-6-barber-shear-in-black-pouch-65af8e8e52e61.webp
163,SilkCut 6.5'',Olivia Garden,Scissors,6.5'',14400,,silkcut-650-in-shear-box,https://www.altamoda.rs/uploads/store/products/images/silkcut-650-in-shear-box-65af8d2b09c08.webp
164,SilkCut 5.75'',Olivia Garden,Scissors,5.75'',14400,,silkcut-575-in-shear-box,https://www.altamoda.rs/uploads/store/products/images/silkcut-575-in-shear-box-65af8bd5188ac.webp
165,iDetangle Brush,Olivia Garden,Brushes,,2040,,idetangle-brush-thick-hair,https://www.altamoda.rs/uploads/store/products/images/idetangle-brush-thick-hair-65af81008522a.webp
166,Nanothermic C + I Styler 9-Row,Olivia Garden,Brushes,,3000,,nanothermic-c-i-styler-9-row,https://www.altamoda.rs/uploads/store/products/images/nanothermic-c-i-styler-9-row-65af7d7813bf9.webp
167,Universal Brush Cleaner,Olivia Garden,Accessories,,1620,,brush-cleaner-black,https://www.altamoda.rs/uploads/store/products/images/brush-cleaner-black-65af82deafc16.webp
168,Essential Style Blend Grey,Olivia Garden,Brushes,,2340,,essential-style-blend-medium-hair-bristles-grey,https://www.altamoda.rs/uploads/store/products/images/essential-style-blend-medium-hair-bristles-grey-65aeba9030311.webp
169,Essential Care Flex Medium Grey,Olivia Garden,Brushes,,2340,,essential-care-flex-medium-hair-bristles-ice-grey,https://www.altamoda.rs/uploads/store/products/images/essential-care-flex-medium-hair-bristles-ice-grey-65aeb755d76fd.webp
170,Essential Care Flex Fine White,Olivia Garden,Brushes,,2340,,essential-care-flex-fine-hair-bristles-ice-white,https://www.altamoda.rs/uploads/store/products/images/essential-care-flex-fine-hair-bristles-ice-white-65aeb581d55b2.webp
171,Expert Care Flex Boar&Nylon,Olivia Garden,Brushes,,3240,,expert-care-flex-boarnylon-bristles-goldbrown,https://www.altamoda.rs/uploads/store/products/images/expert-care-flex-boarnylon-bristles-goldbrown-65af7beb30318.webp
172,Expert Style UP Boar Bristles,Olivia Garden,Brushes,,1380,,expert-style-up-boarsynthetic-bristles-matt-black,https://www.altamoda.rs/uploads/store/products/images/expert-style-up-boarsynthetic-bristles-matt-black-65ae9bed6023a.webp
173,Expert Style UP Boar&Nylon,Olivia Garden,Brushes,,1380,,expert-style-up-boarnylon-bristles-matt-black,https://www.altamoda.rs/uploads/store/products/images/expert-style-up-boarnylon-bristles-matt-black-65ae9a908723c.webp
174,Fingerbrush Combo M,Olivia Garden,Brushes,,2940,,fingerbrush-combo-medium,https://www.altamoda.rs/uploads/store/products/images/fingerbrush-combo-medium-67ab4561ebc45.webp
175,Fingerbrush Care Iconic Double Bristles Black M,Olivia Garden,Brushes,,2520,,fingerbrush-care-iconic-double-bristles-black-m,https://www.altamoda.rs/uploads/store/products/images/fingerbrush-care-iconic-double-bristles-black-m-65aeafc4db4fa.webp
176,Fingerbrush Care Iconic Lavender M,Olivia Garden,Brushes,,3000,,fingerbrush-care-iconic-boarnylon-lavender-m,https://www.altamoda.rs/uploads/store/products/images/fingerbrush-care-iconic-boarnylon-lavender-m-65ae8bb56b325.webp
177,Fingerbrush Care Iconic Hot Pink M,Olivia Garden,Brushes,,3000,,fingerbrush-care-iconic-boarnylon-hot-pink-m,https://www.altamoda.rs/uploads/store/products/images/fingerbrush-care-iconic-boarnylon-hot-pink-m-65ae884af31a2.webp
178,Fingerbrush Care Iconic Pastel Pink M,Olivia Garden,Brushes,,3000,,fingerbrush-care-iconic-boarnylon-pastel-pink-m,https://www.altamoda.rs/uploads/store/products/images/fingerbrush-care-iconic-boarnylon-pastel-pink-m-65ae86a9c9a13.webp
179,Fingerbrush Care Iconic Mint M,Olivia Garden,Brushes,,3000,,fingerbrush-care-iconic-boarnylon-mint-m,https://www.altamoda.rs/uploads/store/products/images/fingerbrush-care-iconic-boarnylon-mint-m-65ae8c9b58261.webp
180,Expert Blowout Shine Wavy 80,Olivia Garden,Brushes,80mm,6000,,expert-blowout-shine-wavy-bristles-goldbrown-80,https://www.altamoda.rs/uploads/store/products/images/expert-blowout-shine-wavy-bristles-goldbrown-80-65afffc1a97ec.webp
181,Expert Blowout Shine Wavy 65,Olivia Garden,Brushes,65mm,4920,,expert-blowout-shine-wavy-bristles-goldbrown-65,https://www.altamoda.rs/uploads/store/products/images/expert-blowout-shine-wavy-bristles-goldbrown-65-65affe7593c03.webp
182,Expert Blowout Shine Wavy 55,Olivia Garden,Brushes,55mm,3960,,expert-blowout-shine-wavy-bristles-goldbrown-55,https://www.altamoda.rs/uploads/store/products/images/expert-blowout-shine-wavy-bristles-goldbrown-55-65affd4fe701d.webp
183,Expert Blowout Shine Wavy 45,Olivia Garden,Brushes,45mm,3600,,expert-blowout-shine-wavy-bristles-goldbrown-45,https://www.altamoda.rs/uploads/store/products/images/expert-blowout-shine-wavy-bristles-goldbrown-45-65affc1257239.webp
184,Expert Blowout Shine Wavy 35,Olivia Garden,Brushes,35mm,3360,,expert-blowout-shine-wavy-bristles-goldbrown-35,https://www.altamoda.rs/uploads/store/products/images/expert-blowout-shine-wavy-bristles-goldbrown-35-65affaf51e3ee.webp
185,Expert Blowout Shine Wavy 25,Olivia Garden,Brushes,25mm,3000,,expert-blowout-shine-wavy-bristles-goldbrown-25,https://www.altamoda.rs/uploads/store/products/images/expert-blowout-shine-wavy-bristles-goldbrown-25-65aff8e6a5beb.webp
186,Expert Blowout Shine Wavy 20,Olivia Garden,Brushes,20mm,2880,,expert-blowout-shine-wavy-bristles-goldbrown-20,https://www.altamoda.rs/uploads/store/products/images/expert-blowout-shine-wavy-bristles-goldbrown-20-65aff72f1a546.webp
187,Expert Blowout Speed 65,Olivia Garden,Brushes,65mm,5220,,expert-blowout-speed-wavy-bristles-whitegrey-65,https://www.altamoda.rs/uploads/store/products/images/expert-blowout-speed-wavy-bristles-whitegrey-65-65afcdc015257.webp
188,Expert Blowout Speed 55,Olivia Garden,Brushes,55mm,4200,,expert-blowout-speed-wavy-bristles-whitegrey-55,https://www.altamoda.rs/uploads/store/products/images/expert-blowout-speed-wavy-bristles-whitegrey-55-65afcc3c6c6ca.webp
189,Expert Blowout Speed 45,Olivia Garden,Brushes,45mm,3780,,expert-blowout-speed-wavy-bristles-whitegrey-45,https://www.altamoda.rs/uploads/store/products/images/expert-blowout-speed-wavy-bristles-whitegrey-45-65afcae8ab4e9.webp
190,Expert Blowout Speed 35,Olivia Garden,Brushes,35mm,3480,,expert-blowout-speed-wavy-bristles-whitegrey-35,https://www.altamoda.rs/uploads/store/products/images/expert-blowout-speed-wavy-bristles-whitegrey-35-65afc92cbcdb5.webp
191,Expert Blowout Speed 25,Olivia Garden,Brushes,25mm,3240,,expert-blowout-speed-wavy-bristles-whitegrey-25,https://www.altamoda.rs/uploads/store/products/images/expert-blowout-speed-wavy-bristles-whitegrey-25-65afc6db7cd99.webp
192,Expert Blowout Shine 80,Olivia Garden,Brushes,80mm,5760,,expert-blowout-shine-whitegrey-80,https://www.altamoda.rs/uploads/store/products/images/expert-blowout-shine-whitegrey-80-65afe73d4d5ce.webp
193,Expert Blowout Shine 65,Olivia Garden,Brushes,65mm,4800,,expert-blowout-shine-whitegrey-65,https://www.altamoda.rs/uploads/store/products/images/expert-blowout-shine-whitegrey-65-65afe5f851e82.webp
194,Expert Blowout Shine 55,Olivia Garden,Brushes,55mm,3840,,expert-blowout-shine-whitegrey-55,https://www.altamoda.rs/uploads/store/products/images/expert-blowout-shine-whitegrey-55-65afe4b5e360f.webp
195,Expert Blowout Shine 45,Olivia Garden,Brushes,45mm,3480,,expert-blowout-shine-whitegrey-45,https://www.altamoda.rs/uploads/store/products/images/expert-blowout-shine-whitegrey-45-65afe36210b3e.webp
196,Expert Blowout Shine 35,Olivia Garden,Brushes,35mm,3120,,expert-blowout-shine-whitegrey-35,https://www.altamoda.rs/uploads/store/products/images/expert-blowout-shine-whitegrey-35-65afe1aeb6aae.webp
197,Expert Blowout Shine 25,Olivia Garden,Brushes,25mm,2940,,expert-blowout-shine-whitegrey-25,https://www.altamoda.rs/uploads/store/products/images/expert-blowout-shine-whitegrey-25-65afdffe515f9.webp
198,Expert Blowout Shine 20,Olivia Garden,Brushes,20mm,2820,,expert-blowout-shine-whitegrey-20,https://www.altamoda.rs/uploads/store/products/images/expert-blowout-shine-whitegrey-20-65afdeace811f.webp
199,Matrix InstaCure Spray,Matrix,Styling,190ml,2280,,m-tr-instacr-krema-za-kosu-190ml,https://www.altamoda.rs/uploads/store/products/images/m-tr-instacr-krema-za-kosu-190ml-663e1d01b742b.webp
200,Matrix Setter Mousse,Matrix,Styling,232g,2880,,m-sty-setter-pena-za-kosu-232g,https://www.altamoda.rs/uploads/store/products/images/m-sty-setter-pena-za-kosu-232g-65427d973dfba.webp
201,Matrix A Curl Can Dream Gel,Matrix,Styling,250ml,2100,,m-curl-gel-za-kosu-250ml,https://www.altamoda.rs/uploads/store/products/images/m-curl-gel-za-kosu-250ml-650b0e7599b6b.webp
202,Redken Acidic Bonding Concentrate Mask,Redken,Masks,250ml,6960,,rk-abc-mask-250ml,https://www.altamoda.rs/uploads/store/products/images/rk-abc-mask-250ml-64f8b3510ff6d.webp
203,Redken Matte Clay,Redken,Styling,75ml,4140,,rk-sty-matte-clay-75ml,https://www.altamoda.rs/uploads/store/products/images/rk-sty-matte-clay-75ml-6478b05f1cb44.webp
204,Redken Volume Boost Spray,Redken,Styling,250ml,4140,,rk-sty-vol-boost-250ml,https://www.altamoda.rs/uploads/store/products/images/rk-sty-vol-boost-250ml-6478af8176324.webp
205,Matrix Food For Soft Conditioner,Matrix,Conditioner,300ml,2640,,mx-tr-ffs-cond-300ml,https://www.altamoda.rs/uploads/store/products/images/mx-tr-ffs-cond-300ml-645a59a1bb1f1.webp
206,Matrix Food For Soft Shampoo,Matrix,Shampoo,300ml,2100,,mx-tr-ffs-shp-300ml,https://www.altamoda.rs/uploads/store/products/images/mx-tr-ffs-shp-300ml-645a5d9486733.webp
207,Redken Extreme Play Safe Treatment,Redken,Treatment,250ml,4920,,r-extr-play-safe-krema-kosa-250ml,https://www.altamoda.rs/uploads/store/products/images/r-extr-play-safe-krema-kosa-250ml-645a07e59c773.webp
208,Redken All Soft Mega Curls Conditioner,Redken,Conditioner,300ml,4530,,rk-asmeg-curl-cnd-300ml,https://www.altamoda.rs/uploads/store/products/images/rk-asmeg-curl-cnd-300ml-6421652552248.webp
209,Redken All Soft Mega Curls Shampoo,Redken,Shampoo,300ml,3900,,rk-asmeg-curl-shmp-300ml,https://www.altamoda.rs/uploads/store/products/images/rk-asmeg-curl-shmp-300ml-6421653f1e36a.webp
210,Redken All Soft Mega Curls Hydramelt,Redken,Treatment,150ml,5100,,rk-asmeg-curl-hydmlt-150ml,https://www.altamoda.rs/uploads/store/products/images/rk-asmeg-curl-hydmlt-150ml-6421655162a9e.webp
211,Elchim 3900 Healthy Ionic Hair Dryer,Elchim,Hair Tools,,14400,,fen-za-kosu-3900-blackgold-2400w,https://www.altamoda.rs/uploads/store/products/images/fen-za-kosu-3900-blackgold-2400w-640ddfa3b61dd.webp
212,Elchim 8th Sense Hair Straightener,Elchim,Hair Tools,,24000,,elchim-8th-sense-presa-za-kosu,https://www.altamoda.rs/uploads/store/products/images/elchim-8th-sense-presa-za-kosu-64107a3493427.webp
213,Biolage Strength Recovery Shampoo,Biolage,Shampoo,250ml,2340,,m-b-str-recovery-sampon-250ml,https://www.altamoda.rs/uploads/store/products/images/m-b-str-recovery-sampon-250ml-64020473dd15c.webp
214,Matrix Builder Wax Spray,Matrix,Styling,130g,2100,,matrix-builder-wax-spray-130g,https://www.altamoda.rs/uploads/store/products/images/m-sty-wax-sprej-kosa-250ml-63caa2679091a.webp
215,Matrix Controller Gel,Matrix,Styling,200ml,2400,,m-sty-strong-gel-kosa-200ml,https://www.altamoda.rs/uploads/store/products/images/m-sty-strong-gel-kosa-200ml-63caaa383b956.webp
216,Matrix Height Riser Powder,Matrix,Styling,7g,2100,,m-sty-height-riser-puder-kosa-7g,https://www.altamoda.rs/uploads/store/products/images/m-sty-height-riser-puder-kosa-7g-63caa0aaa935c.webp
217,Matrix Fixer Hairspray,Matrix,Styling,400ml,2400,,m-sty-flex-sprej-kosa-400ml,https://www.altamoda.rs/uploads/store/products/images/m-sty-flex-sprej-kosa-400ml-65427e1b9bd92.webp
218,Redken Root Tease Spray,Redken,Styling,250ml,4140,,r-sty22-root-tease-sprej-kosa-250ml,https://www.altamoda.rs/uploads/store/products/images/r-sty22-root-tease-sprej-kosa-250ml-63932d3f60398.webp
219,Redken Powder Grip,Redken,Styling,7g,4140,,r-sty22-powder-grip-puder-kosa-7g,https://www.altamoda.rs/uploads/store/products/images/r-sty22-powder-grip-puder-kosa-7g-63932e038ba8a.webp
220,Redken Max Hold Spray 32,Redken,Styling,300ml,4140,,rk-sty-max-hld-hairspray-300ml,https://www.altamoda.rs/uploads/store/products/images/rk-sty-max-hld-hairspray-300ml-637e3ec42fe66.webp
221,Redken Strong Hold Spray 23,Redken,Styling,400ml,4140,,rk-sty-spray-strong-hold-400,https://www.altamoda.rs/uploads/store/products/images/rk-sty-spray-strong-hold-400-637e3e911e0a9.webp
222,Redken Spray Wax,Redken,Styling,150ml,4140,,rk-sty-wax-spray-150ml,https://www.altamoda.rs/uploads/store/products/images/rk-sty-wax-spray-150ml-637e3de353437.webp
223,Redken Root Lifter,Redken,Styling,300ml,4140,,rk-sty-vol-root-lft-spr-300ml,https://www.altamoda.rs/uploads/store/products/images/rk-sty-vol-root-lft-spr-300ml-637e3d82f2988.webp
224,Redken Touchable Texture Mousse,Redken,Styling,200ml,4140,,r-sty22-touchbl-txt-pena-200ml,https://www.altamoda.rs/uploads/store/products/images/r-sty22-touchbl-txt-pena-200ml-636e2992d1f56.webp
225,Redken Texture Paste,Redken,Styling,75ml,4140,,r-sty22-texture-pasta-kosa-75ml,https://www.altamoda.rs/uploads/store/products/images/r-sty22-texture-pasta-kosa-75ml-636e2755deb99.webp
226,Redken Quick Dry Spray 18,Redken,Styling,400ml,4140,,r-sty22-quick-dry18-sprej-kosa-400ml,https://www.altamoda.rs/uploads/store/products/images/r-sty22-quick-dry18-sprej-kosa-400ml-636e2a20a2568.webp
227,Redken Control Spray 28,Redken,Styling,400ml,4140,,r-sty22-control28-sprej-kosa-400ml,https://www.altamoda.rs/uploads/store/products/images/r-sty22-control28-sprej-kosa-400ml-636e2a982f1ee.webp
228,Matrix Vavoom Extra Full Hairspray,Matrix,Styling,500ml,2880,,m-vav-frz-ext-ful-lak-za-kosu-500ml,https://www.altamoda.rs/uploads/store/products/images/m-vav-frz-ext-ful-lak-za-kosu-500ml-6347c2ae662db.webp
229,Matrix Vavoom Triple Freeze Hairspray,Matrix,Styling,300ml,2460,,m-vav-trp-frz-dry-lak-za-kosu-300ml,https://www.altamoda.rs/uploads/store/products/images/m-vav-trp-frz-dry-lak-za-kosu-300ml-6347c2bd2ce2b.webp
230,Redken All Soft Moisture Restore Leave-In,Redken,Leave-in,150ml,4920,,all-soft-leave-in-150ml,https://www.altamoda.rs/uploads/store/products/images/all-soft-leave-in-150ml-63468feed8f99.webp
231,Redken Beach Spray,Redken,Styling,125ml,4440,,r-sty-beach-sprej-kosa-125ml,https://www.altamoda.rs/uploads/store/products/images/r-sty-beach-sprej-kosa-125ml-63199678719c7.webp
232,Matrix InstaCure Conditioner,Matrix,Conditioner,300ml,2100,,m-tr-instacr-balzam-kosa-300ml,https://www.altamoda.rs/uploads/store/products/images/m-tr-instacr-balzam-kosa-300ml-6514072da619b.webp
233,Matrix InstaCure Shampoo,Matrix,Shampoo,300ml,2100,,m-tr-instacr-sampon-300ml,https://www.altamoda.rs/uploads/store/products/images/m-tr-instacr-sampon-300ml-654e4b072aece.webp
234,Matrix A Curl Can Dream Shampoo,Matrix,Shampoo,300ml,2000,,m-tr-curl-sampon-300ml,https://www.altamoda.rs/uploads/store/products/images/m-tr-curl-sampon-300ml-650bf4e101011.webp
235,Matrix A Curl Can Dream Hydrating Cream,Matrix,Treatment,500ml,3960,,m-tr-curl-krema-za-kosu-500ml,https://www.altamoda.rs/uploads/store/products/images/m-tr-curl-krema-za-kosu-500ml-6526a69fa8b2d.webp
236,Redken One United Multi-Benefit Spray,Redken,Styling,150ml,4500,,one-unitd-sprej-kosa-25u1-150ml,https://www.altamoda.rs/uploads/store/products/images/one-unitd-sprej-kosa-25u1-150ml-68554a35874d7.webp
237,Redken Amino-Mint Shampoo,Redken,Shampoo,300ml,3840,,prs21-amino-mint-sampon-300ml,https://www.altamoda.rs/uploads/store/products/images/prs21-amino-mint-sampon-300ml-6218bdd4a3d82.webp
238,Redken Deep Clean Dry Shampoo,Redken,Styling,155ml,4350,,rk-sty-dry-shmp-dpcln-5,https://www.altamoda.rs/uploads/store/products/images/rk-sty-dry-shmp-dpcln-5-61eab9cf9469f.webp
239,Redken Color Extend Blondage Mask,Redken,Masks,250ml,6000,,redken-color-extend-blondage-maska-250ml,https://www.altamoda.rs/uploads/store/products/images/redken-color-extend-blondage-maska-250ml-60def8d2be06f.webp
240,Redken Color Extend Blondage Conditioner,Redken,Conditioner,300ml,4530,,redken-color-extend-blondage-regenerator-300ml,https://www.altamoda.rs/uploads/store/products/images/redken-color-extend-blondage-regenerator-300ml-60def8d288a6c.webp
241,Redken All Soft Conditioner,Redken,Conditioner,300ml,4260,,rk-asoft-cond-300ml,https://www.altamoda.rs/uploads/store/products/images/rk-asoft-cond-300ml-60def8cfea835.webp
242,Redken Scalp Relief Anti-Dandruff Shampoo,Redken,Shampoo,250ml,3840,,redken-scalp-relief-sampon-protiv-peruti-250ml,https://www.altamoda.rs/uploads/store/products/images/redken-scalp-relief-sampon-protiv-peruti-250ml-643e6361736b0.webp
243,Redken Frizz Dismiss Instant Deflate Serum,Redken,Serum,125ml,4920,,redken-frizz-dismiss-instant-deflate-serum-125ml,https://www.altamoda.rs/uploads/store/products/images/redken-frizz-dismiss-instant-deflate-serum-125ml-60def8c8549e8.webp
244,Redken Frizz Dismiss Rebel Tame Cream,Redken,Styling,250ml,4920,,redken-frizz-dismiss-rabel-time-krema-250ml,https://www.altamoda.rs/uploads/store/products/images/redken-frizz-dismiss-rabel-time-krema-250ml-62d6742e60ecd.webp
245,Redken Frizz Dismiss Conditioner,Redken,Conditioner,300ml,4260,,redken-frizz-dismiss-regenerator-300ml,https://www.altamoda.rs/uploads/store/products/images/redken-frizz-dismiss-regenerator-300ml-60def8c7ef1a6.webp
246,Redken Extreme Anti-Snap Treatment,Redken,Treatment,250ml,4920,,redken-extreme-anti-snap-tretman-250ml,https://www.altamoda.rs/uploads/store/products/images/redken-extreme-anti-snap-tretman-250ml-61542ca1210b3.webp
247,Redken Extreme Conditioner,Redken,Conditioner,300ml,4260,,redken-extreme-regenerator-300ml,https://www.altamoda.rs/uploads/store/products/images/redken-extreme-regenerator-300ml-61542e6a10389.webp
248,Redken Volume Injection Conditioner,Redken,Conditioner,300ml,4260,,redken-volume-injection-regenerator-300ml,https://www.altamoda.rs/uploads/store/products/images/redken-volume-injection-regenerator-300ml-60def8ac794dc.webp
249,Redken Volume Injection Shampoo,Redken,Shampoo,300ml,3840,,redken-volume-injection-sampon-300ml,https://www.altamoda.rs/uploads/store/products/images/redken-volume-injection-sampon-300ml-60def8abc2afd.webp
250,Redken Frizz Dismiss Shampoo,Redken,Shampoo,300ml,3840,,rk-frz-sf-shmp-300ml-1,https://www.altamoda.rs/uploads/store/products/images/rk-frz-sf-shmp-300ml-1-60fb07d27e7b8.webp
251,Redken Extreme Shampoo,Redken,Shampoo,300ml,3840,,redken-extreme-sampon-300ml-1,https://www.altamoda.rs/uploads/store/products/images/redken-extreme-sampon-300ml-1-61542fc845080.webp
252,Redken All Soft Heavy Cream Mask,Redken,Masks,250ml,6000,,redken-all-soft-heavy-cream-maska-250ml,https://www.altamoda.rs/uploads/store/products/images/redken-all-soft-heavy-cream-maska-250ml-60def89eb73aa.webp
253,Redken All Soft Shampoo,Redken,Shampoo,300ml,3840,,redken-all-soft-sampon-300ml-1,https://www.altamoda.rs/uploads/store/products/images/redken-all-soft-sampon-300ml-1-60def89e85ed7.webp
254,Redken Acidic Bonding Concentrate Shampoo,Redken,Shampoo,300ml,4920,,rk-abc-shmp-300ml,https://www.altamoda.rs/uploads/store/products/images/rk-abc-shmp-300ml-643e77137703b.webp
255,Redken Acidic Bonding Concentrate Conditioner,Redken,Conditioner,300ml,4920,,rk-abc-cond-300ml,https://www.altamoda.rs/uploads/store/products/images/rk-abc-cond-300ml-643e773f23a2d.webp
256,Redken Acidic Bonding Concentrate Leave-In Treatment,Redken,Treatment,150ml,6000,,rk-abc-lotn-150ml,https://www.altamoda.rs/uploads/store/products/images/rk-abc-lotn-150ml-643e7772e463e.webp
257,Matrix High Amplify Wonder Boost Spray,Matrix,Styling,200ml,2880,,matrix-wonder-boost-root-lifter-sprej-za-volumen-200ml,https://www.altamoda.rs/uploads/store/products/images/matrix-wonder-boost-root-lifter-sprej-za-volumen-200ml-60def83462b5f.webp
258,Matrix Brass Off Shampoo,Matrix,Shampoo,300ml,2100,,matrix-brass-off-sampon-300ml,https://www.altamoda.rs/uploads/store/products/images/matrix-brass-off-sampon-300ml-60def833ef5b9.webp
259,Matrix Brass Off Conditioner,Matrix,Conditioner,300ml,2100,,matrix-brass-off-regenerator-300ml,https://www.altamoda.rs/uploads/store/products/images/matrix-brass-off-regenerator-300ml-60def833b3bb0.webp
260,Matrix Mega Sleek Conditioner,Matrix,Conditioner,300ml,2000,,matrix-mega-sleek-regenerator-300ml,https://www.altamoda.rs/uploads/store/products/images/matrix-mega-sleek-regenerator-300ml-6526a6f5ca302.webp
261,Matrix High Amplify Shampoo,Matrix,Shampoo,300ml,2000,,matrix-high-amplify-sampon-300ml,https://www.altamoda.rs/uploads/store/products/images/matrix-high-amplify-sampon-300ml-6526ab6a4ce9e.webp
262,Matrix High Amplify Conditioner,Matrix,Conditioner,300ml,2000,,matrix-high-amplify-regenerator-300ml,https://www.altamoda.rs/uploads/store/products/images/matrix-high-amplify-regenerator-300ml-672e0a86313ba.webp
263,Matrix So Silver Conditioner,Matrix,Conditioner,300ml,2100,,matrix-so-silver-regenerator-300ml,https://www.altamoda.rs/uploads/store/products/images/matrix-so-silver-regenerator-300ml-60def82f58174.webp
264,Matrix So Silver Shampoo,Matrix,Shampoo,300ml,2100,,matrix-so-silver-sampon-300ml,https://www.altamoda.rs/uploads/store/products/images/matrix-so-silver-sampon-300ml-64b12c5ad9cf2.webp
265,Matrix Color Obsessed Conditioner,Matrix,Conditioner,300ml,2000,,matrix-color-obsessed-regenerator-300ml,https://www.altamoda.rs/uploads/store/products/images/matrix-color-obsessed-regenerator-300ml-6526b153c8e6a.webp
266,Matrix Color Obsessed Shampoo,Matrix,Shampoo,300ml,2000,,matrix-color-obsessed-sampon-300ml,https://www.altamoda.rs/uploads/store/products/images/matrix-color-obsessed-sampon-300ml-6526b17fa930b.webp
267,Redken Brews Outplay Texture Pomade,Redken,Styling,,3360,,redken-brews-outplay-texture-pomada,https://www.altamoda.rs/uploads/store/products/images/redken-brews-outplay-texture-pomada-60def81654bf0.webp
268,Redken Thickening Stemoxydine Treatment,Redken,Treatment,90ml,7680,,redken-cerafill-retaliate-stemoxydine-tretman,https://www.altamoda.rs/uploads/store/products/images/redken-cerafill-retaliate-stemoxydine-tretman-6526a63685232.webp
269,10 min Color Gels Lacquers 6NW/BRANDY,Redken,Color,60ml,,,rk-cg10-6nw-brandy-60ml,https://www.altamoda.rs/uploads/store/products/images/rk-cg10-6nw-brandy-60ml-63469f944f1b9.webp
270,10 min Color Gels Lacquers 9N/CAFE AU LAIT,Redken,Color,60ml,,,rk-cg10-9n-cafe-au-lait-60ml,https://www.altamoda.rs/uploads/store/products/images/rk-cg10-9n-cafe-au-lait-60ml-631906f0db9e0.webp
271,10 min Color Gels Lacquers 8NN/CREME BRULEE,Redken,Color,60ml,,,rk-cg10-8nn-creme-brulee-60ml,https://www.altamoda.rs/uploads/store/products/images/rk-cg10-8nn-creme-brulee-60ml-6319067be892d.webp
272,10 min Color Gels Lacquers 7N/MIRAGE,Redken,Color,60ml,,,rk-cg10-7n-mirage-60ml,https://www.altamoda.rs/uploads/store/products/images/rk-cg10-7n-mirage-60ml-631906184b489.webp
273,10 min Color Gels Lacquers 6NN/CHOCOLATE MOUSSE,Redken,Color,60ml,,,rk-cg10-6nn-choco-mousse-60ml,https://www.altamoda.rs/uploads/store/products/images/rk-cg10-6nn-choco-mousse-60ml-631905a681c19.webp
274,10 min Color Gels Lacquers 5N/WALNUT,Redken,Color,60ml,,,rk-cg10-5n-walnut-60ml,https://www.altamoda.rs/uploads/store/products/images/rk-cg10-5n-walnut-60ml-6319046731575.webp
275,Redken Shades EQ 08VG,Redken,Color,60ml,,,redken-shades-eq08vg-60ml,https://www.altamoda.rs/uploads/store/products/images/redken-shades-eq08vg-60ml-60def85d7c776.webp
276,L'image Training Head Kathrin,L'image,Training Tools,,,,katarina,https://www.altamoda.rs/uploads/store/products/images/katarina-6735e1ecb10ec.webp
277,Redken Hair Cleansing Cream Shampoo,Redken,Shampoo,1000ml,,,rk-hair-cleansing-cream-1l,https://www.altamoda.rs/uploads/store/products/images/rk-hair-cleansing-cream-1l-6151f61a4fee7.webp
278,Framesi Eclectic 9SE,Framesi,Color,60ml,,,framcolor-eclectic-9se-60-ml,https://www.altamoda.rs/uploads/store/products/images/framcolor-eclectic-9se-60-ml-69bd649f19e2a.webp
279,Framesi Eclectic 9HCE,Framesi,Color,60ml,,,framcolor-eclectic-9hce-60-ml,https://www.altamoda.rs/uploads/store/products/images/framcolor-eclectic-9hce-60-ml-69bd5ab3eed60.webp
280,Framesi Eclectic 9DE,Framesi,Color,60ml,,,framcolor-eclectic-9de-60-ml,https://www.altamoda.rs/uploads/store/products/images/framcolor-eclectic-9de-60-ml-69bd55905ede4.webp
281,Framesi Eclectic 9NE,Framesi,Color,60ml,,,framcolor-eclectic-9ne-60-ml,https://www.altamoda.rs/uploads/store/products/images/framcolor-eclectic-9ne-60-ml-69bd4fc205373.webp
